-- Inserção

-- Pessoa
INSERT INTO Usuario (nome,CEP,CPF,DT_nascimento)
VALUES
  ('Courtney Bento',15691009,21482303900,'2006/6/4'),
  ('Christian Duarte',31912498,25577365674,'2001/11/16'),
  ('Shoshana Das Chagas',92136170,39184925960,'1984/2/19'),
  ('Kuame Trindade',82237968,78899705377,'1963/1/5'),
  ('Hector Gomes',48699414,12644308601,'1965/8/5'),
  ('Joseph Cruz',69866580,44570666427,'1963/8/20'),
  ('Jelani Fernandes',26451851,88628022674,'1989/9/8'),
  ('Portia Campos',62933745,20127130381,'1987/7/24'),
  ('Malik Costa',15810919,54283411310,'1977/7/1'),
  ('Raymond Teixeira',69309020,19927901803,'1962/3/12');
INSERT INTO Usuario (nome,CEP,CPF,DT_nascimento)
VALUES
  ('Lisandra Paulino',67485407,76371563838,'1960/4/24'),
  ('Hanae Paulino',24304000,14406093932,'2009/3/22'),
  ('Plato Franco',43891085,23663409021,'1973/3/6'),
  ('Melyssa Caetano',21780760,70304526922,'2004/12/6'),
  ('Jaden Cardoso',21184716,25692225766,'1971/2/10'),
  ('Sasha Miranda',67837541,70700011039,'1973/10/26'),
  ('Ira Matos',13018068,43037986303,'1964/7/28'),
  ('Ferris de Santana',41029527,98769854905,'2007/12/30'),
  ('Derek Silva',32367045,23609901912,'1963/11/15'),
  ('Carol de Brito',74489907,20101648429,'1971/12/2');
INSERT INTO Usuario (nome,CEP,CPF,DT_nascimento)
VALUES
  ('Avram de Araujo',81958710,54796946389,'1981/7/6'),
  ('Burton Teodoro',28723510,23337453453,'1968/10/8'),
  ('Sacha Araujo',88594847,63240415941,'1969/11/1'),
  ('Merritt Gonzaga',64785965,85418932748,'1960/7/11'),
  ('Jaime Sales',16380790,55210777379,'1969/5/11'),
  ('Noelle Magalhaes',18395852,33852155114,'1984/9/17'),
  ('Bertha do Nascimento',54755286,15245778989,'1966/12/3'),
  ('Autumn Magalhaes',55347485,99550252913,'1963/4/21'),
  ('Giselle de Carvalho',99466084,82408468490,'1984/2/13'),
  ('Guy Silva',92666846,78269968051,'1970/12/12');
INSERT INTO Usuario (nome,CEP,CPF,DT_nascimento)
VALUES
  ('Solomon Bispo',33122519,93991661764,'1965/11/10'),
  ('Macaulay Menezes',79207410,66338885725,'2004/7/17'),
  ('Colby Braga',14966145,92398743027,'2004/8/14'),
  ('Nicholas Queiroz',93238915,86624345510,'2008/9/19'),
  ('Uriel de Freitas',79314781,83585037691,'1963/9/20'),
  ('Yoshio Fernandes',13778210,89525140273,'1999/10/26'),
  ('Kelly Barbosa',31577511,86105696891,'1969/9/30'),
  ('Joshua de Brito',49025117,99803514183,'1960/12/3'),
  ('Nichole Nogueira',94763070,32402898985,'1983/7/26'),
  ('Gabriel Rodrigues',49086693,68432214073,'1966/9/28');
INSERT INTO Usuario (nome,CEP,CPF,DT_nascimento)
VALUES
  ('Knox Moura',74271969,61268123011,'1973/9/17'),
  ('Damon Feitosa',18605361,94831884775,'1988/7/21'),
  ('Joelle Marinho',81027276,34004852244,'1981/8/13'),
  ('Pascale Dutra',40063008,16561710720,'2010/10/12'),
  ('Christopher Leite',13265507,51157606758,'1986/12/25'),
  ('Samson de Almeida',87750621,62315265196,'1980/7/14'),
  ('Jolene Neves',18588144,32889119464,'1969/8/3'),
  ('Todd Maia',89340588,44457846217,'1999/4/30'),
  ('Eleanor Paulino',42801919,85722774170,'1965/6/15'),
  ('Callum Evangelista',65165139,40848033664,'1985/7/17');
INSERT INTO Usuario (nome,CEP,CPF,DT_nascimento)
VALUES
  ('Nelle Duarte',22585391,50349511275,'1996/12/31'),
  ('Justin Abreu',57155723,26705274046,'2010/7/13'),
  ('Armand Neves',97783579,58948340543,'2003/12/22'),
  ('Harding de Araujo',83466313,59699279164,'1985/8/13'),
  ('Wylie Mendonca',46564994,17697726316,'1978/3/20'),
  ('Odysseus dos Reis',58679728,66874676057,'2008/2/21'),
  ('Colin Pires',38751892,59387264154,'1963/4/2'),
  ('Alice Farias',66066353,22090117584,'2006/7/29'),
  ('Thor Pinheiro',42993088,11297451323,'1998/8/14'),
  ('Pamela de Azevedo',51450349,87279263468,'2003/12/1');
INSERT INTO Usuario (nome,CEP,CPF,DT_nascimento)
VALUES
  ('Wynne Amaral',57151849,47388789047,'1962/8/8'),
  ('Ashton Amaral',49503543,86591825200,'1998/7/12'),
  ('Myles de Barros',36797661,52621416543,'1971/7/14'),
  ('Fay Vasconcelos',96614305,64945624715,'1977/7/3'),
  ('Jemima Domingos',97987948,71167067838,'2000/2/19'),
  ('Mollie da Silva',90457541,89194961743,'2003/7/14'),
  ('Guy de Moura',47941339,48785367543,'2006/2/18'),
  ('Adena Camargo',20144834,59117709132,'1983/5/13'),
  ('James Moreira',19047181,11605184523,'1978/11/6'),
  ('Armand Braz',73440251,82782485606,'1989/8/5');
INSERT INTO Usuario (nome,CEP,CPF,DT_nascimento)
VALUES
  ('Dominique da Silveira',50854270,48514332690,'2008/10/26'),
  ('Herman Tavares',52893038,21878550323,'1994/1/4'),
  ('Maryam Mota',51473766,61962943328,'1977/6/7'),
  ('Emma Franca',25665196,12074679523,'2005/3/31'),
  ('Ashton de Jesus',55823873,87409213919,'1996/9/28'),
  ('Molly Borges',48682638,47803220407,'1992/6/14'),
  ('Chaim Das Gracas',97937445,94588358028,'1989/10/7'),
  ('Scott da Silveira',73975189,96423569686,'1968/7/22'),
  ('Melinda Queiroz',98512444,35570052285,'1963/4/29'),
  ('Silas de Sousa',59257604,78126356909,'1986/6/3');
INSERT INTO Usuario (nome,CEP,CPF,DT_nascimento)
VALUES
  ('John Custodio',37054326,42118717025,'1979/8/3'),
  ('Kristen Coutinho',82387350,31095151666,'1976/11/27'),
  ('Indigo de Souza',18511633,22580369886,'2000/3/6'),
  ('Ezekiel de Abreu',46666816,21854150031,'1971/8/3'),
  ('Ulysses Brandao',43527583,51862072569,'1980/2/5'),
  ('Aidan Bento',20123092,91423040458,'2003/2/16'),
  ('Dolan Amaral',40531472,52809511782,'1972/7/23'),
  ('Keelie Duarte',94593215,12457535482,'1964/1/16'),
  ('Francis Fernandes',37546812,49994872686,'1978/2/19'),
  ('Tanya de Castro',40963527,12958433865,'2010/12/3');
INSERT INTO Usuario (nome,CEP,CPF,DT_nascimento)
VALUES
  ('Emerald Antunes',85993443,20229697589,'1967/10/31'),
  ('Chiquita Fagundes',51525939,90997563807,'1962/3/16'),
  ('Cassady da Silveira',12034952,16199662044,'1997/9/25'),
  ('Aimee Moraes',41988281,75918832625,'1996/5/3'),
  ('Jeremy Domingos',62247471,77612724171,'1989/10/24'),
  ('Dorian Matos',26912541,57527161623,'2003/2/11'),
  ('Merrill de Almeida',67987266,28097361244,'1981/4/15'),
  ('Jade Sousa',52707003,28699010839,'1987/8/16'),
  ('Tashya Matias',81669781,75290566072,'1988/11/30'),
  ('Jillian Vaz',36171968,82129661094,'1991/9/28');
  
  -- Telefone
  
INSERT INTO Telefone(CPF_usuario,telefone) 
Values
('21482303900','48229825007'),
('25577365674','31484187155'),
('39184925960','66927637324'),
('78899705377','26271366788'),
('12644308601','38172060127'),
('44570666427','64838145575'),
('88628022674','23084150927'),
('20127130381','18641024078'),
('54283411310','71542103346'),
('19927901803','68487359811'),
('76371563838','29524717524'),
('14406093932','67022206916'),
('23663409021','49837375174'),
('70304526922','9375781532'),
('25692225766','67528778077'),
('70700011039','14717253444'),
('43037986303','35752082616'),
('98769854905','46324775765'),
('23609901912','86097265326'),
('20101648429','68694413445'),
('54796946389','50192341363'),
('23337453453','46147787670'),
('63240415941','16216656636'),
('85418932748','34919796191'),
('55210777379','51367522585'),
('33852155114','75434270366'),
('15245778989','96512191221'),
('99550252913','77605444168'),
('82408468490','95422047784'),
('78269968051','7517055636'),
('93991661764','54382532148'),
('66338885725','91476771115'),
('92398743027','85055541677'),
('86624345510','62317365432'),
('83585037691','28592689135'),
('89525140273','11691100508'),
('86105696891','64671421766'),
('99803514183','58250586487'),
('32402898985','27453731476'),
('68432214073','44068367827'),
('61268123011','10464912432'),
('94831884775','77212488788'),
('34004852244','27184681882'),
('16561710720','16474945372'),
('51157606758','76370320838'),
('62315265196','4864329672'),
('32889119464','66612826711'),
('44457846217','65753746657'),
('85722774170','3618293851'),
('40848033664','68175550857'),
('50349511275','14208015823'),
('26705274046','53037342643'),
('58948340543','67412104512'),
('59699279164','24053194716'),
('17697726316','27110959326'),
('66874676057','45561760096'),
('59387264154','33720395163'),
('22090117584','54878204771'),
('11297451323','12795373188'),
('87279263468','75183372664'),
('47388789047','6541768782'),
('86591825200','45752676495'),
('52621416543','35444891704'),
('64945624715','47781628721'),
('71167067838','27947121798'),
('89194961743','13447296667'),
('48785367543','74232654806'),
('59117709132','29064612212'),
('11605184523','15157927108'),
('82782485606','69128852343'),
('48514332690','32356721652'),
('21878550323','66380173643'),
('61962943328','55035322818'),
('12074679523','46045931785'),
('87409213919','65210080227'),
('47803220407','76766941131'),
('94588358028','86180411968'),
('96423569686','11336378740'),
('35570052285','74686545078'),
('78126356909','25561972999'),
('42118717025','68229356865'),
('31095151666','85182795830'),
('22580369886','35624628753'),
('21854150031','11813134092'),
('51862072569','77131828678'),
('91423040458','73668187418'),
('52809511782','85527245763'),
('12457535482','48479042480'),
('49994872686','74305449717'),
('12958433865','5121114835'),
('20229697589','26144325551'),
('90997563807','94431503606'),
('16199662044','62742428499'),
('75918832625','55706361860'),
('77612724171','67056029448'),
('57527161623','49843933736'),
('28097361244','75252243144'),
('28699010839','51355186295'),
('75290566072','71652352764'),
('82129661094','35323025835');



-- Voo

INSERT INTO Voo (qtd_assentos)
VALUES
  (19),
  (19),
  (19),
  (19),
  (19),
  (19),
  (19),
  (19),
  (19),
  (19),
  (168),
  (168),
  (168),
  (168),
  (168),
  (168),
  (168),
  (168),
  (168),
  (168),
  (410),
  (410),
  (410),
  (410),
  (410),
  (410),
  (410),
  (410),
  (410),
  (410);

  --- Estado
Insert into Estado
values
('Paraíba'),
('Maranhão'),
('Minas Gerais'),
('São Paulo'),
('Pará'),  
('Rio Grande do Sul'),  
('Pernambuco'),
('Ceará'),
('Paraná'),  
('Santa Catarina'),  
('Bahia'),  
('Rio de Janeiro'),
('Goiás');

-- Cidade

INSERT INTO Cidade (estado,nome)
VALUES
  ('Paraíba','Patos'),
  ('Maranhão','Açailândia'),
  ('Minas Gerais','Divinópolis'),
  ('São Paulo','Campinas'),
  ('Pará','Marabá'),
  ('Minas Gerais','Governador Valadares'),
  ('Rio Grande do Sul','Pelotas'),
  ('Pernambuco','Jaboatão dos Guararapes'),
  ('Ceará','Itapipoca'),
  ('Ceará','Juazeiro do Norte');
  
INSERT INTO Cidade (estado,nome)
VALUES
  ('Paraná','Colombo'),
  ('Santa Catarina','Itajaí'),
  ('Maranhão','Imperatriz'),
  ('Bahia','Ilhéus'),
  ('Maranhão','Paço do Lumiar'),
  ('Bahia','Itabuna'),
  ('Santa Catarina','São José'),
  ('Minas Gerais','Contagem'),
  ('Bahia','Vitória da Conquista'),
  ('Maranhão','Santa Inês');
  
INSERT INTO Cidade (estado,nome)
VALUES
  ('Rio Grande do Sul','Santa Maria'),
  ('Pará','Abaetetuba'),
  ('Minas Gerais','Sete Lagoas'),
  ('Paraná','Cascavel'),
  ('Rio de Janeiro','Petrópolis'),
  ('Goiás','Luziânia'),
  ('São Paulo','Mauá'),
  ('Santa Catarina','Chapecó'),
  ('Maranhão','Timon');

-- Aeroporto

Insert Into Aeroporto (codigo,cidade,estado,classificao)
Values

('ABA','Abaetetuba','Pará','Nacional'),
('ACL','Açailândia','Maranhão','Internacional'),
('CAP','Campinas','São Paulo','Internacional'),
('CTG','Contagem','Minas Gerais','Particular'),
('DVN','Divinópolis','Minas Gerais','Nacional'),
('JUA','Juazeiro do Norte','Ceará','Nacional'),
('MAU','Mauá','São Paulo','Particular'),
('VDC','Vitória da Conquista','Bahia','Internacional'),
('PEL','Pelotas','Rio Grande do Sul','Nacional'),
('PTP','Petrópolis','Rio de Janeiro','Particular');

-- Passagem

INSERT INTO Passagem (codigo_voo,cadeira,valor,data_compra,tipo,CPF_usuario)
VALUES
  (1,1,164,'2021/12/3','Econômica','21482303900'),
  (1,2,177,'2021/12/27','Econômica','39184925960'),
  (1,3,140,'2021/9/30','Econômica','63240415941'),
  (1,4,95,'2021/12/7','Econômica','94831884775'),
  (1,5,160,'2021/12/25','Econômica','61268123011'),
  (1,6,122,'2021/9/3','Econômica','22090117584'),
  (1,7,65,'2021/10/20','Econômica','16561710720'),
  (1,8,79,'2021/8/14','Executiva','62315265196'),
  (1,9,74,'2021/8/5','Executiva','22090117584'),
  (1,10,73,'2021/10/3','Executiva','85722774170'),
  (1,11,156,'2021/9/7','Executiva','48785367543'),
  (1,12,155,'2021/12/2','Executiva','96423569686'),
  (1,13,165,'2021/11/30','Executiva','91423040458'),
  (1,14,183,'2021/8/31','Executiva','52809511782'),
  (1,15,149,'2021/9/4','Executiva','12958433865'),
  (1,16,81,'2021/8/15','Executiva','28097361244'),
  (1,17,94,'2021/11/22','Executiva','57527161623'),
  (1,18,130,'2021/11/12','Primeira Classe','75290566072'),
  (1,19,146,'2021/10/26','Primeira Classe','82129661094');
  
INSERT INTO Passagem (codigo_voo,cadeira,valor,data_compra,tipo,CPF_usuario)
VALUES
  (4,16,136,'2020/11/11','Econômica','11297451323'),
  (8,6,133,'2020/6/26','Primeira Classe','32889119464'),
  (8,14,170,'2020/7/14','Primeira Classe','22090117584'),
  (5,4,189,'2020/6/7','Econômica','62315265196'),
  (7,10,145,'2020/10/21','Econômica','82782485606'),
  (4,10,175,'2020/7/25','Econômica','21878550323'),
  (4,4,191,'2020/7/19','Econômica','52621416543'),
  (5,7,198,'2020/8/27','Primeira Classe','85418932748'),
  (3,4,175,'2020/9/24','Econômica','40848033664'),
  (9,1,161,'2020/7/13','Primeira Classe','89525140273');  


 
 INSERT INTO Passagem (codigo_voo,cadeira,valor,data_compra,tipo,CPF_usuario)
VALUES
  (12,59,124,'2020/9/26','Primeira Classe','66338885725'),
  (17,18,150,'2020/5/18','Primeira Classe','98769854905'),
  (19,74,175,'2020/5/4','Primeira Classe','14406093932'),
  (15,80,123,'2020/7/11','Primeira Classe','68432214073'),
  (14,38,187,'2020/9/2','Primeira Classe','89194961743'),
  (14,141,174,'2020/6/5','Primeira Classe','19927901803'),
  (16,106,160,'2020/7/16','Primeira Classe','20127130381'),
  (19,65,124,'2020/11/22','Econômica','43037986303'),
  (17,20,115,'2020/11/20','Econômica','20229697589'),
  (18,119,149,'2020/9/15','Primeira Classe','40848033664');
  
INSERT INTO Passagem (codigo_voo,cadeira,valor,data_compra,tipo,CPF_usuario)
VALUES
  (12,127,128,'2020/11/7','Econômica','59699279164'),
  (14,143,170,'2020/10/22','Primeira Classe','42118717025'),
  (13,49,142,'2020/5/12','Econômica','86591825200'),
  (18,161,159,'2020/11/6','Econômica','93991661764'),
  (13,23,139,'2020/7/1','Primeira Classe','70304526922'),
  (18,7,112,'2020/8/11','Econômica','49994872686'),
  (17,147,118,'2020/10/4','Econômica','71167067838'),
  (16,95,125,'2020/11/3','Primeira Classe','23337453453'),
  (19,113,168,'2020/7/3','Primeira Classe','26705274046'),
  (17,98,137,'2020/8/22','Primeira Classe','47803220407');

INSERT INTO Passagem (codigo_voo,cadeira,valor,data_compra,tipo,CPF_usuario)
VALUES
  (28,277,833,'2019/11/26','Econômica','66874676057'),
  (23,269,818,'2019/9/4','Econômica','87279263468'),
  (28,211,901,'2019/11/14','Econômica','47803220407'),
  (26,215,619,'2019/12/25','Econômica','54283411310'),
  (27,369,698,'2019/9/10','Primeira Classe','63240415941'),
  (26,273,729,'2019/11/19','Primeira Classe','99803514183'),
  (28,135,687,'2019/12/8','Primeira Classe','86624345510'),
  (28,375,688,'2019/11/30','Primeira Classe','64945624715'),
  (30,180,612,'2019/12/21','Econômica','33852155114'),
  (22,354,646,'2019/9/6','Primeira Classe','63240415941');
INSERT INTO Passagem (codigo_voo,cadeira,valor,data_compra,tipo,CPF_usuario)
VALUES
  (30,270,699,'2019/11/5','Primeira Classe','62315265196'),
  (22,320,809,'2019/10/5','Primeira Classe','48785367543'),
  (26,363,804,'2019/10/26','Econômica','51862072569'),
  (28,32,593,'2019/12/16','Primeira Classe','47803220407'),
  (29,362,750,'2019/12/9','Primeira Classe','70304526922'),
  (29,194,529,'2019/9/15','Econômica','68432214073'),
  (24,121,980,'2019/10/21','Econômica','32402898985'),
  (27,329,781,'2019/11/3','Econômica','32402898985'),
  (21,409,794,'2019/9/10','Primeira Classe','44570666427'),
  (24,241,733,'2019/12/27','Primeira Classe','77612724171');
INSERT INTO Passagem (codigo_voo,cadeira,valor,data_compra,tipo,CPF_usuario)
VALUES
  (22,166,967,'2019/12/8','Econômica','47388789047'),
  (24,351,667,'2019/10/3','Primeira Classe','40848033664'),
  (22,315,575,'2020/1/1','Primeira Classe','94588358028'),
  (27,86,647,'2019/9/16','Primeira Classe','23337453453'),
  (26,105,643,'2019/10/4','Primeira Classe','40848033664'),
  (22,209,512,'2019/11/27','Econômica','58948340543'),
  (27,341,659,'2019/10/15','Econômica','42118717025'),
  (29,9,738,'2019/10/5','Primeira Classe','23609901912'),
  (22,380,883,'2019/11/2','Primeira Classe','11297451323'),
  (27,110,523,'2019/12/20','Primeira Classe','32402898985');
INSERT INTO Passagem (codigo_voo,cadeira,valor,data_compra,tipo,CPF_usuario)
VALUES
  (30,115,783,'2019/10/25','Econômica','22090117584'),
  (24,80,722,'2019/9/2','Econômica','76371563838'),
  (28,370,729,'2019/10/12','Econômica','87279263468'),
  (29,34,674,'2019/11/5','Econômica','17697726316'),
  (24,178,882,'2019/9/3','Primeira Classe','40848033664'),
  (29,148,708,'2019/10/16','Primeira Classe','63240415941'),
  (27,209,984,'2019/12/12','Primeira Classe','34004852244'),
  (27,305,782,'2019/10/9','Econômica','31095151666'),
  (22,8,842,'2019/9/11','Primeira Classe','28699010839');

-- Partida
INSERT INTO Partida (codigo_voo,codigo_aeroporto,data,hora)
Values
(1,'PTP','2022-01-06','22:48:34'),
(2,'ABA','2022-05-05','22:18:27'),
(3,'CAP','2022-04-12','04:24:33'),
(4,'CTG','2022-06-10','07:16:00'),
(5,'JUA','2022-01-13','13:45:09'),
(6,'JUA','2022-02-12','21:52:11'),
(7,'JUA','2022-05-30','04:58:27'),
(8,'JUA','2022-05-30','15:14:11'),
(9,'JUA','2022-05-30','00:48:28'),
(10,'JUA','2022-05-18','20:51:19'),
(11,'DVN','2021-06-05','17:10:25'),
(12,'DVN','2021-05-05','07:35:01'),
(13,'DVN','2020-12-17','20:00:24'),
(14,'DVN','2021-01-28','17:37:43'),
(15,'PTP','2021-02-18','17:03:29'),
(16,'PTP','2021-05-10','12:47:33'),
(17,'PTP','2021-01-11','23:24:31'),
(18,'VDC','2021-03-09','10:17:01'),
(19,'VDC','2021-06-07','23:07:24'),
(20,'VDC','2021-06-19','18:51:55'),
(21,'ABA','2021-01-13','04:48:03'),
(22,'ACL','2021-01-05','06:25:24'),
(23,'CAP','2020-01-09','13:07:50'),
(24,'CTG','2020-11-07','16:04:24'),
(25,'DVN','2021-04-25','00:36:19'),
(26,'JUA','2020-06-15','21:20:53'),
(27,'MAU','2020-07-23','08:58:17'),
(28,'PEL','2021-03-28','12:44:29'),
(29,'PTP','2020-11-17','04:57:28'),
(30,'VDC','2021-03-24','10:04:57');


INSERT INTO Chegada (codigo_voo,codigo_aeroporto,data,hora)
Values
(1,'ABA','2022-01-07','20:48:34'),
(2,'CAP','2022-05-05','23:18:27'),
(3,'CTG','2022-04-12','14:24:33'),
(4,'ACL','2022-06-12','07:16:00'),
(5,'PTP','2022-01-14','13:45:09'),
(6,'DVN','2022-02-12','22:52:11'),
(7,'ABA','2022-05-30','23:58:27'),
(8,'CAP','2022-06-23','15:14:11'),
(9,'MAU','2022-05-31','11:48:28'),
(10,'VDC','2022-05-19','20:51:19'),
(11,'PEL','2021-06-05','18:10:25'),
(12,'ACL','2021-05-06','07:35:01'),
(13,'CTG','2020-12-17','22:00:24'),
(14,'ABA','2021-01-29','17:37:43'),
(15,'ACL','2021-02-18','20:03:29'),
(16,'ABA','2021-05-10','18:47:33'),
(17,'CAP','2021-01-12','04:24:31'),
(18,'CAP','2021-03-09','20:17:01'),
(19,'JUA','2021-06-08','02:07:24'),
(20,'ACL','2021-06-19','23:51:55'),
(21,'PEL','2021-01-13','14:48:03'),
(22,'PTP','2021-01-05','16:25:24'),
(23,'DVN','2020-01-09','23:07:50'),
(24,'ABA','2020-11-08','00:04:24'),
(25,'CTG','2021-04-25','20:36:19'),
(26,'VDC','2020-06-16','04:20:53'),
(27,'PEL','2020-07-23','18:58:17'),
(28,'ACL','2021-03-28','22:44:29'),
(29,'CTG','2020-11-17','14:57:28'),
(30,'CAP','2021-03-24','20:04:57');
  
  




